Campaign;Campaign ID;Avg. impr. freq. / user;Unique users
Belupo Rinil - December 2025 - (YT) - CPM;23368964821;2.4;698,957
Saponia Nagradna Igra Operi December 2025 - (GDN) - CPC;23365196615;2.5;259,972
Saponia Nagradna Igra Operi December 2025 - (DG) - CPC;23365245812;2.5;267,879
Saponia Faks Sve ti je čisto Nov 2025 (DN) - CPM;23203387614;12.8;1,495,232
Demand_Gen_Cooking_CookingRange_2025_Pecniceiploce_HR;23063936142;3.8;766,269
SusiliceSep25_MDA_LaundryCare_Dryers_Flight_GGL;23018167917;5.7;452,009
202507//Bref//Power Active RL 24//Easier Way campaign//video//Trueview;22800836042;3.2;737,477
202507//Bref//Power Active RL 24//Easier Way campaign//video//Bumper;22794974865;2.6;874,266
202510//Ceresit STOP//Local Brand Support Rubson Healthy Home 2023 (FR)//Local Brand Support Healthy Home 2023;23120362515;3.6;780,121
Demand_Gen_DishCare_Dishwashers_2025_Finish_HR;23069848067;6.7;808,817
Loacker Sep - Oct 2025 (YT) - Reach Mix 2.0 - CPM;23012659355;2.6;834,559
Bison Bolton - October 2025 (DN) - CPM #2;23141866481;10.5;730,317
Loacker Sep - Oct 2025 (YT) - VVC - CPV;23016634492;2.4;224,090
Bison AirMax November 2025 (DN) - CPM;23224382309;8.8;1,250,330
Bison AirMax November 2025 (YT) - CPM;23219213253;2.8;1,087,243
Bison Bolton - October 2025 (DN) - CPM;23073658040;5;317,169
Bison Bolton - October 2025 (YT) - Bumper;23077707730;4;995,313
Koestlin Paris - Nov - Dec 2025 - (GDN) - CPM;23277766543;16.4;1,818,521
Porsche Pia Nov 2025 (DG) - CPC;23218773990;8.3;688,941
Porsche Pia Nov 2025 (PMAX) - CPA;23218775703;;
Porsche Pia Oct 2025 (PMAX) - CPA;23086685202;;
Ahmad Tea Nov 2025 (YT) - VVC;23247653498;3.2;497,669
Porsche Pia Oct 2025 (DN) - CPC;23091799676;4.1;728,154
Porsche Pia Nov 2025 (GDN) - CPC;23228106658;4;663,723
Ahmad Tea Nov 2025 (YT) - Reach Mix 2.0;23242582539;4.2;1,162,097
Porsche Pia Oct 2025 (DG) - CPC;23086499715;8;724,303
Seat Metlice Oct - Dec 2025 (DG) - CPC;23151051484;3.1;504,021
Cupra Terramar Oct 2025 (YT) - Efficient reach;23155724081;4.1;1,169,711
202506//Weisser Riese//Re-imagine Scent_Deo Fresh//Laundry Monster//video//Trueview;22623626124;4.2;719,034
Volkswagen Gume Oct - Dec 2025 (DG) - CPC;23160958240;6.2;839,722
Seat Akumulator Nov - Dec 2025 (PMAX) - CPA;23231650448;;
Škoda Metlice Oct - Dec 2025 (DG) - CPC;23156094650;3.2;241,741
Škoda Octavia Dec 2025 (YT) - Efficient Reach - CPM;23358399088;2.8;816,048
Volkswagen PHEV Sep - Oct 2025 (YT) - CPM;23005360310;2;484,698
202506//Weisser Riese//Re-imagine Scent_Deo Fresh//Laundry Monster//video//Bumper;22623704862;3.5;965,279
Škoda Gume Oct - Dec 2025 (PMAX) - CPA;23156041838;;
Volkswagen Gume Oct - Dec 2025 (PMAX) - CPA;23161140631;;
Seat Gume Oct - Dec 2025 (PMAX) - CPA;23151243997;;
Seat Akumulator Nov - Dec 2025 (DG) - CPC;23231650544;5.6;324,127
Seat Zupčasti remen Oct - Dec 2025 (DG) - CPC;23177785397;5;651,008
Škoda Metlice Oct - Dec 2025 (PMAX) - CPA;23160594388;;
Seat Zupčasti remen Oct - Dec 2025 (PMAX) - CPA;23172967626;;
Škoda Zupčasti remen Oct - Dec 2025 (PMAX) - CPA;23196338093;;
Volkswagen PHEV Sep - Oct 2025 (PMAX) - CPA;23005255190;;
Cupra Terramar Oct 2025 (DN) - CPM;23160674803;6.7;979,243
Volkswagen Metlice Oct - Dec 2025 (PMAX) - CPA;23161207339;;
Škoda Zupčasti remen Oct - Dec 2025 (DG) - CPC;23196329174;4.7;835,065
Škoda Gume Oct - Dec 2025 (DG) - CPC;23155974167;6.2;581,624
Volkswagen Akumulator Nov - Dec 2025 (DG) - CPC;23242081674;5.4;630,987
Volkswagen Metlice Oct - Dec 2025 (DG) - CPC;23156738063;4.1;527,399
Energycom Jan - Dec 2026 - Performance Max;22153504496;;
Seat Metlice Oct - Dec 2025 (PMAX) - CPA;23146691471;;
Volkswagen PHEV Sep - Oct 2025 (DG) - CPC;22999073400;7.7;467,105
Škoda Akumulator Nov - Dec 2025 (DG) - CPC;23242272630;4.6;516,662
Volkswagen Zupčasti remen Oct - Dec 2025 (DG) - CPC;23200358572;5.1;962,113
Škoda 130 godina Nov - Dec 2025 (GDN) - CPC;23240403490;4.6;730,293
Volkswagen Zupčasti remen Oct - Dec 2025 (PMAX) - CPA;23190909996;;
Škoda Akumulator Nov - Dec 2025 (PMAX) - CPA;23247325415;;
Volkswagen Akumulator Nov - Dec 2025 (PMAX) - CPA;23247133613;;
Cupra Range Dec 2025 (GDN) - CPM;23386389997;8.6;572,669
Škoda 130 godina Nov - Dec 2025 (YT) Efficient reach - CPM;23236016321;3.9;1,029,381
Cupra BEV - Poticaji - Oct 2025 (DN) - CPC;23074947492;2.7;180,578
Seat Gume Oct - Dec 2025 (DG) - CPC;23141475096;5.7;477,995
PMAX_OMD_SI-SL_GB_OG_GroomingUndiv_GroomingUndivided_NA_GOO_BRD_Multigroom 20.09.-10.11.2025.;23155482644;;
PMAX_OMD_RS-SR_GB_BEA_IPLHairRemoval_IPLAcc.&Undivided_NA_GOO_BRD_Lumea_PMAX_20.10.-31.12.2025.;23172774658;;
DG_OMD_SI-SL_GB_BEA_HairCare_Straight&CurlerCore_NA_GOO_BRD_SenseIQ_10.09.-30.10.2025;23038253197;2.2;73,024
DIS_OMD_SI-SL_GB_S_ShavingUnd_ShavingUndivided_NA_GOO_BRD_Shaving_GDN_14.11.-31.12.2025.;23283992777;5.6;282,688
VID_OMD_RS-SR_OHC_PTB_PTBPremium_Prestige9900S_RECMTPTB_GOO_BRD_Sonicare_15.10.-24.12.2025;23130385353;4.4;1,397,287
Hervis Poklon Kartice December 2025 - (DN) - CPM;23357588354;6.2;918,123
DG_OMD_SI-SL_GB_OG_OneBladeOther_OneBladeComm.Inn._RECMANOB_GOO_BRD_One Blade_15.10-15.12.2025.;23142265184;2.2;107,708
VID_OMD_SI-SL_OHC_PTB_PTBPremium_Prestige9900S_RECMTPTB_GOO_BRD_Sonicare_15.10.-24.12.2025;23136133814;5.8;427,518
VID_OMD_SI-SL_MCC_MCC_MCCUnd_MCCUndivided_NA_GOO_BRD_Avent_YT_7.11.-30.11.2025.;23237577080;3.7;231,367
VID_OMD_SI-SL_GB_BEA_IPLHairRemoval_IPLAcc.&Undivided_NA_GOO_BRD_Lumea_YT_20.10.-31.12.2025.;23168273492;3.8;486,881
DIS_OMD_SI-SL_GB_BEA_IPLHairRemoval_IPLAcc.&Undivided_NA_GOO_BRD_Lumea_GDN_20.10.-31.12.2025.;23168583044;4.4;213,821
Dr. Oetker Božićna kampanja Nov - Dec 2025 (YT) - TrueView for Reach;23304217610;2.8;726,345
DG_OMD_SI-SL_GB_S_ShavingUnd_ShavingUndivided_NA_GOO_BRD_Shaving_DG_14.11.-31.12.2025.;23279014023;2.1;38,064
DG_OMD_RS-SR_OHC_PTB_PTBPremium_Prestige9900S_RECMTPTB_GOO_BRD_Sonicare_15.10.-24.12.2025;23140250137;2;125,976
VID_OMD_RS-SR_MCC_MCCUnd_MCCUnd_MCCUnd_NA_GOO_BRD_Avent_YT_7.11.-30.11.2025.;23237577731;4.1;852,561
DIS_OMD_SI-SL_GB_OG_OneBladeOther_OneBladeComm.Inn._RECMANOB_GOO_BRD_1st Shave_GDN_1.11.-12.12.2025.;23200040769;8.8;501,426
PMAX_OMD_RS-SR_GB_BEA_HairCare_Straight&CurlerCore_NA_GOO_BRD_SenseIQ_10.09.-30.10.2025;23028088689;;
DIS_OMD_RS-SR_GB_BEA_IPLHairRemoval_IPLAcc.&Undivided_NA_GOO_BRD_Lumea_GDN_20.10.-31.12.2025.;23163170868;3.7;501,030
PMAX_OMD_SI-SL_GB_BEA_IPLHairRemoval_IPLAcc.&Undivided_NA_GOO_BRD_Lumea_PMAx_20.10.-31.12.2025.;23163083466;;
DIS_OMD_ME-ME_GB_OG_OneBladeOther_OneBladeComm.Inn._NA_GOO_BRD_One Blade_1.10.-30.11.2025.;23074322560;14.6;329,134
VID_OMD_SI-SL_GB_BEA_HairCare_Straight&CurlerCore_NA_GOO_BRD_SenseIQ_10.09.-30.10.2025;23034204641;3.4;330,504
PMAX_OMD_RS-SR_GB_OG_OneBladeOther_OneBladeComm.Inn._RECMANOB_GOO_BRD_Intimate_W_10.10.-30.11.;23140032403;;
DIS_OMD_RS-SR_GB_S_ShavingUnd_ShavingUndivided_NA_GOO_BRD_Shaving_GDN_14.11.-31.12.2025.;23288353174;5.1;423,927
DG_OMD_RS-SR_GB_BEA_HairCare_DryerCore_NA_GOO_BRD_Flame_DG_1.11.-31.12.2025.;23232232446;4.4;77,175
DG_OMD_ME-ME_GB_BEA_IPLHairRemoval_IPLAcc.&Undivided_NA_GOO_BRD_Lumea_DG_20.10.-31.12.2025.;23163237003;2;19,274
PMAX_OMD_SI-SL_GB_OG_OneBladeOther_OneBladeComm.Inn._RECMANOB_GOO_BRD_1st Shave_PMAX_Parents_1.11.-12.12.2025.;23209534063;;
DG_OMD_ME-ME_GB_OG_OneBladeOther_OneBladeComm.Inn._NA_GOO_BRD_One Blade_1.10.-30.11.2025.;23070221480;6.7;208,391
DG_OMD_RS-SR_GB_S_ShavingUnd_ShavingUndivided_NA_GOO_BRD_Shaving_DG_14.11.-31.12.2025.;23279038791;2.3;57,227
VID_OMD_SI-SL_GB_OG_OneBladeOther_OneBladeComm.Inn._RECMANOB_GOO_BRD_1st Shave_YT_Teens_1.11.-12.12.2025.;23209598329;6.1;101,879
PMAX_OMD_SI-SL_OHC_PTB_PTBPremium_Prestige9900S_RECMTPTB_GOO_BRD_Sonicare_15.10.-24.12.2025;23140199437;;
VID_OMD_RS-SR_GB_OG_OneBladeOther_OneBladeComm.Inn._RECMANOB_GOO_BRD_One Blade_3.9.-5.10.;22973430471;1.3;790,415
VID_OMD_ME-ME_GB_OG_OneBladeOther_OneBladeComm.Inn._NA_GOO_BRD_One Blade_1.10.-30.11.2025.;23070220712;3.9;527,543
VID_OMD_RS-SR_GB_OG_GroomingUndiv_GroomingUndivided_NA_GOO_BRD_Multigroom_20.09.-10.11.2025.;23155285862;2.7;994,017
DG_OMD_RS-SR_GB_BEA_IPLHairRemoval_IPLAcc.&Undivided_NA_GOO_BRD_Lumea_DG_20.10.-31.12.2025.;23168364167;1.7;63,940
PMAX_OMD_RS-SR_ALL_CrossBU_CrossProduct_CrossProduct_NA_GOO_BRD_Webshop_AO_Lumea;23210024144;;
VID_OMD_RS-SR_GB_BEA_HairCare_Straight&CurlerCore_NA_GOO_BRD_SenseIQ_10.09.-30.10.2025;23034172058;2.5;1,145,664
PMAX_OMD_RS-SR_GB_S_ShavingUnd_ShavingUndivided_NA_GOO_BRD_Shaving_PMAX_14.11.-31.12.2025.;23279087904;;
DG_OMD_RS-SR_GB_OG_OneBladeOther_OneBladeComm.Inn._RECMANOB_GOO_BRD_Intimate_W_10.10.-30.11.;23140032196;1.9;94,731
PMAX_OMD_RS-SR_GB_OG_OneBladeOther_OneBladeComm.Inn._RECMANOB_GOO_BRD_OneBlade_15.10-15.12.2025.;23142979085;;
VID_OMD_SI-SL_GB_S_ShavingUnd_ShavingUndivided_NA_GOO_BRD_Shaving_YT_14.11.-31.12.2025.;23283992828;4.1;447,119
PMAX_OMD_SI-SL_GB_OG_OneBladeOther_OneBladeComm.Inn._RECMANOB_GOO_BRD_One Blade_15.10-15.12.2025.;23136950325;;
VID_OMD_RS-SR_GB_OG_OneBladeOther_OneBladeComm.Inn._RECMANOB_GOO_BRD_1st shave_parents_05.09.-15.10.;22986865838;1.4;451,741
Dr. Oetker Bread Club October 2025 (DN) - CPC;23084507224;3.7;229,326
VID_OMD_SI-SL_GB_BEA_HairCare_DryerCore_NA_GOO_BRD_Flame_YT_1.11.-31.12.2025.;23232282903;3.2;299,190
DG_OMD_SI-SL_GB_BEA_HairCare_DryerCore_NA_GOO_BRD_Flame_DG_1.11.-31.12.2025.;23241634504;4.1;164,761
DG_OMD_SI-SL_OHC_PTB_PTBPremium_Prestige9900S_RECMTPTB_GOO_BRD_Sonicare_15.10.-24.12.2025;23130333303;2.3;184,240
DG_OMD_RS-SR_GB_OG_GroomingUndiv_GroomingUndivided_NA_GOO_BRD_Multigroom_20.09.-10.11.2025.;23150051901;2.4;228,709
DG_OMD_RS-SR_GB_OG_OneBladeOther_OneBladeComm.Inn._RECMANOB_GOO_BRD_OneBlade_15.10-15.12.2025.;23147384833;2;121,899
DG_OMD_SI-SL_GB_BEA_IPLHairRemoval_IPLAcc.&Undivided_NA_GOO_BRD_Lumea_DG_20.10.-31.12.2025.;23163083511;2.1;73,145
PMAX_OMD_SI-SL_GB_S_ShavingUnd_ShavingUndivided_NA_GOO_BRD_Shaving_PMAX_14.11.-31.12.2025.;23288257666;;
DG_OMD_RS-SR_GB_BEA_HairCare_Straight&CurlerCore_NA_GOO_BRD_SenseIQ_10.09.-30.10.2025;23028088734;2.3;239,472
PMAX_OMD_RS-SR_GB_OG_GroomingUndiv_GroomingUndivided_NA_GOO_BRD_Multigroom_20.09.-10.11.2025.;23159736373;;
PMAX_OMD_SI-SL_ALL_CrossBU_CrossProduct_CrossProduct_NA_GOO_BRD_Webshop_AO_Lumea;23099450520;;
VID_OMD_RS-SR_GB_S_ShavingUnd_ShavingUndivided_NA_GOO_BRD_Shaving_YT_14.11.-31.12.2025.;23283969599;3.9;1,079,930
VID_OMD_ME-ME_GB_BEA_IPLHairRemoval_IPLAcc.&Undivided_NA_GOO_BRD_Lumea_YT_20.10.-31.12.2025.;23162921025;4.2;729,181
PMAX_OMD_SI-SL_GB_BEA_HairCare_Straight&CurlerCore_NA_GOO_BRD_SenseIQ_10.09.-30.10.2025;23034203750;;
Dr. Oetker Božićna kampanja Nov - Dec 2025 (DN) - CPC;23304217154;3.9;422,195
VID_OMD_RS-SR_GB_BEA_IPLHairRemoval_IPLAcc.&Undivided_NA_GOO_BRD_Lumea_YT_20.10.-31.12.2025.;23172866092;3.8;1,271,595
PMAX_OMD_RS-SR_OHC_PTB_PTBPremium_Prestige9900S_RECMTPTB_GOO_BRD_Sonicare_15.10.-24.12.2025;23130385398;;
VID_OMD_RS-SR_GB_BEA_HairCare_DryerCore_NA_GOO_BRD_Flame_YT_1.11.-31.12.2025.;23237376398;3.3;1,131,893
PMAX_OMD_RS-SR_ALL_CrossBU_CrossProduct_CrossProduct_NA_GOO_BRD_Webshop_AO;22857655199;;
PMAX_OMD_RS-SR_GB_OG_OneBladeOther_OneBladeComm.Inn._RECMANOB_GOO_BRD_1st shave_05.09.-15.10.;22986885344;;
DG_OMD_SI-SL_GB_OG_GroomingUndiv_GroomingUndivided_NA_GOO_BRD_Multigroom 20.09.-10.11.2025.;23159899915;3;111,189
PMAX_OMD_SI-SL_ALL_CrossBU_CrossProduct_CrossProduct_NA_GOO_BRD_Webshop_AO;22854651094;;
DIS_OMD_ME-ME_GB_BEA_IPLHairRemoval_IPLAcc.&Undivided_NA_GOO_BRD_Lumea_GDN_20.10.-31.12.2025.;23168284316;6.2;795,269
VID_OMD_RS-SR_GB_OG_OneBladeOther_OneBladeComm.Inn._RECMANOB_GOO_BRD_1st shave_teens_05.09.-15.10.;22986865835;2.2;257,050
VID_OMD_SI-SL_GB_OG_OneBladeOther_OneBladeComm.Inn._RECMANOB_GOO_BRD_1st Shave_YT_Parents_1.11.-12.12.2025.;23200213176;3.3;244,179
VID_OMD_RS-SR_GB_OG_OneBladeOther_OneBladeComm.Inn._RECMANOB_GOO_BRD_Intimate_W_10.10.-30.11.;23171314950;3.2;991,662
DIS_OMD_BA-BS_GB_OG_OneBladeOther_OneBladeComm.Inn._RECMANOB_GOO_BRD_OneBlade_GDN_Consideration_1.11.-15.12.2025.;23223237310;8.9;247,271
PMAX_OMD_HR-HR_ALL_CrossBU_CrossProduct_CrossProduct_NA_GOO_BRD_Webshop_AO;22850295323;;
DG_OMD_HR-HR_GB_BEA_IPLHairRemoval_IPLAcc.&Undivided_NA_GOO_BRD_Lumea_DG_20.10.-31.12.2025.;23172997630;1.8;111,666
VID_OMD_HR-HR_GB_OG_OneBladeOther_OneBladeComm.Inn._RECMANOB_GOO_BRD_1st Shave_Teens_5.9.-15.10.2025.;22980662139;3.3;119,116
DG_OMD_HR-HR_GB_BEA_HairCare_Straight&CurlerCore_NA_GOO_BRD_SenseIQ_10.09.-30.10.2025.;23025722586;2.5;67,374
vizols_october_2025_youtube_cpm;23121024417;5.3;957,851
DG_OMD_HR-HR_OHC_PTB_PTBPremium_Prestige9900S_RECMTPTB_GOO_BRD_Sonicare_15.10.-24.12.2025;23136083489;2.4;279,446
DG_OMD_HR-HR_GB_OG_OneBladeOther_OneBladeComm.Inn._RECMANOB_GOO_BRD_One Blade 15.10-15.12.2025.;23142265886;2.3;216,135
PMAX_OMD_HR-HR_GB_S_ShavingUnd_ShavingUndivided_NA_GOO_BRD_Shaving_PMAX_14.11.-31.12.2025.;23283955574;;
DIS_OMD_BA-BS_GB_BEA_IPLHairRemoval_IPLAcc.&Undivided_NA_GOO_BRD_Lumea_GDN_Awareness_20.10.-31.12.2025.;23168792552;7;944,981
PMAX_OMD_HR-HR_GB_OG_OneBladeOther_OneBladeComm.Inn._RECMANOB_GOO_BRD_One Blade 15.10-15.12.2025.;23136999027;;
meralys_december_2025_youtube_cpm;23344911816;4;1,427,936
jgl_zaposljavanje_october_2025_cross-network_pmax;23130287493;;
VID_OMD_HR-HR_MCC_MCC_MCCUnd_MCCUndivided_NA_GOO_BRD_Avent_YT_7.11.-30.11.2025;23237552771;3.3;490,211
DG_OMD_HR-HR_GB_S_ShavingUnd_ShavingUndivided_NA_GOO_BRD_Shaving_DG_14.11.-31.12.2025.;23283832784;3.3;18,151
VID_OMD_HR-HR_GB_OG_OneBladeOther_OneBladeComm.Inn._RECMANOB_GOO_BRD_1st Shave_Parents_5.9.-15.10.2025.;22980662127;1.6;194,941
VID_OMD_HR-HR_GB_BEA_HairCare_DryerCore_NA_GOO_BRD_Flame_YT_1.11.-31.12.2025.;23232127383;2.8;536,160
Rio Mare Pate Mayo October 2025 (YT) - CPM - 2;23151406242;2.7;846,649
PMAX_OMD_HR-HR_GB_BEA_IPLHairRemoval_IPLAcc.&Undivided_NA_GOO_BRD_Lumea_PMAX_20.10.-31.12.2025.;23172997174;;
VID_OMD_HR-HR_OHC_PTB_PTBPremium_Prestige9900S_RECMTPTB_GOO_BRD_Sonicare_15.10.-24.12.2025;23136085091;4.2;697,120
PMAX_OMD_HR-HR_ALL_CrossBU_CrossProduct_CrossProduct_NA_GOO_BRD_Webshop_AO_Lumea;23035354024;;
VID_OMD_BA-BS_GB_OG_OneBladeOther_OneBladeComm.Inn._RECMANOB_GOO_BRD_OneBlade_YT_1.11.-15.12.2025.;23223956797;4.7;917,384
reflustat_september_2025_youtube_fc_cpm;23024710483;8.4;790,817
prolife_november_2025_display_cpm;23253168887;8.8;1,360,148
VID_OMD_HR-HR_GB_BEA_HairCare_Straight&CurlerCore_NA_GOO_BRD_SenseIQ_10.09.-30.10.2025.;23035809352;2.8;579,357
DG_OMD_BA-BS_GB_OG_OneBladeOther_OneBladeComm.Inn._RECMANOB_GOO_BRD_OneBlade_DG_Consideration_1.11.-15.12.2025.;23214457857;3.7;18,666
Rio Mare Pate Mayo October 2025 (YT) - CPM;23125923104;1.5;176,610
PMAX_OMD_HR-HR_GB_OG_Grooming_GroomingUndivided_NA_GOO_BRD_Multigroom_20.09.-10.11.;23150224947;;
DIS_OMD_BA-BS_GB_BEA_IPLHairRemoval_IPLAcc.&Undivided_NA_GOO_BRD_Lumea_GDN_Consideration_20.10.-31.12.2025.;23163620307;5.5;346,323
DG_OMD_HR-HR_GB_BEA_HairCare_DryerCore_NA_GOO_BRD_Flame_DG_1.11.-31.12.2025.;23232127389;3.1;138,110
DG_OMD_HR-HR_GB_OG_Grooming_GroomingUndivided_NA_GOO_BRD_Multigroom_20.09.-10.11.;23156565104;4;75,774
VID_OMD_HR-HR_GB_BEA_IPLHairRemoval_IPLAcc.&Undivided_NA_GOO_BRD_Lumea_YT_20.10.-31.12.2025.;23163446124;3.3;755,566
DIS_OMD_BA-BS_GB_OG_OneBladeOther_OneBladeComm.Inn._RECMANOB_GOO_BRD_OneBlade_GDN_Awareness_1.11.-15.12.2025.;23214557439;10;755,119
DIS_OMD_HR-HR_GB_S_ShavingUnd_ShavingUndivided_NA_GOO_BRD_Shaving_GDN_14.11.-31.12.2025.;23283860303;2.4;244,388
PMAX_OMD_HR-HR_GB_BEA_HairCare_Straight&CurlerCore_NA_GOO_BRD_SenseIQ_10.09.-30.10.2025.;23031771971;;
PMAX_OMD_HR-HR_OHC_PTB_PTBPremium_Prestige9900S_RECMTPTB_GOO_BRD_Sonicare_15.10.-24.12.2025;23130284850;;
VID_OMD_BA-BS_GB_BEA_IPLHairRemoval_IPLAcc.&Undivided_NA_GOO_BRD_Lumea_YT_20.10.-31.12.2025.;23163601191;5.4;996,949
DG_OMD_BA-BS_GB_BEA_IPLHairRemoval_IPLAcc.&Undivided_NA_GOO_BRD_Lumea_DG_20.10.-31.12.2025.;23168792639;2.9;171,810
VID_OMD_HR-HR_GB_OG_OneBladeOther_OneBladeComm.Inn._RECMANOB_GOO_BRD_Intimate_W_10.10.-30.11.;23140105375;3.6;660,219
VID_OMD_HR-HR_GB_OG_OneBladeOther_OneBladeComm.Inn._RECMANOB_GOO_BRD_One Blade_3.9.-5.10.;22983748780;1.3;367,541
VID_OMD_HR-HR_GB_S_ShavingUnd_ShavingUndivided_NA_GOO_BRD_Shaving_YT_14.11.-31.12.2025.;23283807728;3.5;710,506
prolife_november_2025_youtube_cpm;23257344616;4.3;1,020,083
DIS_OMD_HR-HR_GB_BEA_IPLHairRemoval_IPLAcc.&Undivided_NA_GOO_BRD_Lumea_GDN_20.10.-31.12.2025.;23172997432;3.7;460,547
Rio Mare Great Taste December 2025 (YT) - CPM;23345854229;3.7;1,100,140
DG_OMD_HR-HR_GB_OG_OneBladeOther_OneBladeComm.Inn._RECMANOB_GOO_BRD_Intimate_W_10.10.-30.11;23140104916;2.8;179,555
lactogyn_june_2025_youtube_fc_cpm;22791527244;4.6;330,757
Porsche Moon Oct - Dec 2025 - (DN) - CPC;23090115996;5.2;620,739
Kaufland - Impuls - Božić - Nov-Dec - (DN) - CPC;23259493185;7.1;752,933
Porsche DWA Oct - Dec 2025 (GDN) - CPC;23209790548;3.4;645,433
Kaufland GDN Godišnja 2026 (DN);19354219109;13.2;1,225,753
Kaufland - Impuls - Božić - Nov-Dec - (DG) - CPC;23268872371;5.6;593,430
Porsche DWA Oct - Dec 2025 (YT) - Efficient reach - CPM;23205520748;4;1,020,733
Kaufland - Impuls - NEO konkurencija - Stoti kupac - Jankomir - Oct 2025 (DG) - CPC;23068292085;1.9;141,384
Demand_Gen_Food_AirFryer_2025_Flight_HR;23064041271;6.8;1,065,288
Audi Zupčasti remen Oct - Dec 2025 (PMAX) - CPA;23182802566;;
Kaufland - Impuls - Ivanec - Sept-Nov 2025 (DG) - CPC;23055092044;3.2;25,381
Finish Reckitt PIP Nov 2025 (YT) - CPM - Retargeting;23223501740;2.7;302,694
Kaufland - Impuls - Split - Ravne njive - Nov - (DN) - CPC;23261800483;4;96,121
Kaufland - Impuls - Kaufland Card Rođendan - Oct - Nov 2025 (DN) - CPC;23135201942;3.8;370,182
Audi Q3 Nov - Dec 2025 - (YT)  Efficient reach - CPM;23227314390;3.8;1,089,274
Finish Reckitt PIP Oct 2025 (DN) - CPM;23141071884;7.4;881,904
Kaufland - Image - Split - Ravne njive - Nov - (DN) - CPM;23252553270;3.6;103,416
Kaufland - Impuls - Katalog Dekoracije i kolači - (DN) - CPC;23303954306;3.9;477,256
Porsche DWA Oct - Dec 2025 (DG) - CPC;23205620765;4.9;327,612
Audi Akumulator Nov - Dec 2025 (PMAX) - CPA;23228911136;;
MUM6Nov25_MDA_HomeAppliances_Appliances_Flight_GGL;23337586207;5.2;862,981
Kaufland - Impuls - NEO konkurencija - Jednodnevna akcija - Jankomir - DEC 2025 (DN) - CPC;23306185899;8.4;140,296
Kaufland - Impuls - Red Bull Symphonic - Nov 2025 (DG) - CPC;23224632388;4.6;614,860
Kaufland - Image - Other - NEO - Otvorenje Osijek - Oct 2025 (DN) - CPM;23076969740;13.7;391,973
Finish Reckitt PIP Nov 2025 (YT) - CPV;23204324852;3.7;491,014
Porsche Moon Oct - Dec 2025 - (DG) - CPC;23095969412;6.5;693,293
Finish Reckitt PIP Oct 2025 (YT) - CPV;23156802396;2.5;347,536
Finish Reckitt PIP Nov 2025 (DN) - CPM;23208502981;7.1;959,356
Demand_Gen_IndoorCleaning_Robot_2025_Usisavač_HR;23073689005;9.9;1,325,932
Audi Metlice Oct - Dec 2025 (DG) - CPC;23172640507;2.6;237,120
Audi Metlice Oct - Dec 2025 (PMAX) - CPA;23172535645;;
Kaufland - Impuls - Nova Gradiška - Sept-Oct 2025 (DG) - CPC;23064392874;2.2;25,175
Porsche Moon Oct - Dec 2025 - (PMAX) - CPA;23100458605;;
Kaufland - Image - Impuls - Christmas - IGRAČKE - Nov-Dec 2025 (DN) - CPC;23228485387;3.7;522,314
Audi Gume Oct - Dec 2025 (DG) - CPC;23151461725;5.6;393,939
Demand_Gen_IndoorCleaning_VacuumCleaners_Unlimited10_HR;23067963990;12.4;968,737
Kaufland - Impuls - Kaufland Card - Nagradna igra - Orašar - November - (DG) - CPC;23257840267;3.9;460,083
Kaufland - Impuls - Split - Ravne njive - Sept-Nov 2025 (DG) - CPC;23055052468;4.5;114,994
Audi Akumulator Nov - Dec 2025 (DG) - CPC;23228911139;4.5;370,133
Porsche Moon Oct - Dec 2025 - (YT) - VVC;23095969598;4.4;748,089
Kaufland - Impuls - NEO konkurencija - Stoti kupac - Jankomir - Oct 2025 (DN) - CPM;23078243977;6.4;149,103
Audi Zupčasti remen Oct - Dec 2025 (DG) - CPC;23178401984;4.6;680,396
Audi Gume Oct - Dec 2025 (PMAX) - CPA;23147040878;;
McDonald's MOP Sep - Nov OSIJEK 2025 (YT) - Bumper;23201479909;2.3;138,447
202505//Schauma//Schauma_CAR Long Hair B 25//Schauma_CAR Long Hair B 25//video//Bumper;22524522930;1.2;162,683
McDonald's Coffee Monday II Oct - Dec 2025 (YT) - Bumper;23151276168;2.4;669,193
McDonald's Coffee AO Sep - Dec 2025 (YT) - Bumper;23061447079;3.2;794,175
McDonald's Snack Menu AO III December 2025 (YT) - Bumper;23330173406;2;520,978
McDonald's McDelivery AO Sep - Oct 2025 (YT) - CPV;23051723493;1.9;263,848
McDonald's Snack Menu AO II Nov - Dec 2025 (YT) - Bumper;23230869507;2.7;953,889
Zott Protein Sep - Oct 2025 (DN) - CPM;23008688608;5.2;734,093
T03_001630_HR_NDO_DermaControl(unisex)_AW_Aug25_Oct25_fullf_OMD_DigGR_VRCM_oKPI;22867060452;1.5;202,619
McDonald's Employer Image IV Nov - Dec 2025 (Demand Gen) - CPC;23279927975;6.7;598,803
McDonald's Trust II October 2025 (YT) - CPV;23084692750;2.2;438,755
McDonald's Adventski kalendar December 2025 (YT) - Bumper;23314665535;2.5;666,337
McDonald's Employer Image IV Sep - Nov 2025 (Performance Max) AO - CPA;23019979679;;
McDonald's MOP Sep - Nov 2025 (YT) - CPV;23038260706;2.2;291,021
McDonald's Trust II October 2025 (YT) - Bumper;23084692753;2.4;835,382
T03_001636_HR_NFC_CellularEpigenetics_AW_Sep25_Oct25_fullf_OMD_DigGR_VRC_oKPI;22911143511;3.4;778,537
McDonald's Maestro IV Sep - Oct 2025 (YT) - CPV;22982571265;2.1;332,113
McDonald's Snack Menu Sep - Oct 2025 (YT) - CPV;23000376953;1.7;302,023
McDonald's Employer Image IV - Young Adults - Nov - Dec 2025 (VVC) - CPV;23280469343;3.4;319,782
McDonald's McNuggets III Oct - Nov 2025 (YT) - Bumper;23128436618;2;688,860
McDonald's McDelivery x Glovo II Prime Oct 2025 (YT) - CPV;23151653998;1.8;333,210
Nissan All range November 2025 - Performance Max;23213561896;;
McDonald's McDelivery AO Sep - Oct 2025 (YT) - Bumper;23061820288;1.7;544,820
McDonald's Srijeda koja vrijedi više AO Sep - Oct (YT) - Bumper;23062023277;1.8;511,777
202510//Ceresit//Ceresit Thermo Universal MULTI PRO;23099670393;4.4;480,700
McDonald's Sirious Winter December 2025 (YT) - CPV;23339715288;2.7;417,782
McDonald's MOP Sep - Nov 2025 (YT) - Bumper;23038275832;2;577,789
McDonald's McDelivery AO Nov 2025 (YT) - CPV;23204814416;1.9;251,482
McDonald's Srijeda koja vrijedi više Oct - Dec 2025 (YT) - CPV;23159917831;1.9;324,191
McDonald's Breakfast AO Sep - Dec 2025 (YT) - Bumper;23051177880;2.3;623,731
McDonald's Snack Menu Sep - Oct 2025 (YT) - Bumper;22994092464;1.7;735,881
202511//Ceresit//Ceresit Glue;23229615301;4.6;499,343
McDonald's Farmburger Oct - Nov 2025 (YT) - Bumper;23201466458;1.9;667,147
Zott Hungry Oct - Nov 2025 (YT) - Reach Mix;23053538297;3.9;965,252
McDonald's McDelivery x Glovo III Dec 2025 (YT) - Bumper;23359818609;1.4;477,604
McDonald's McNuggets III Oct - Nov 2025 (YT) - CPV;23128434905;1.9;352,852
McDonald's McDelivery x Glovo III Dec 2025 (YT) - CPV;23368942255;1.6;260,867
Zott Protein Sep - Oct 2025 (YT) - Bumper - CPM;23008688854;2.3;477,133
McDonald's Snack Menu AO Oct - Nov 2025 (YT) - CPV;23117039682;1.9;289,878
McDonald's Coffee AO Sep - Dec 2025 (YT) - CPV;23057401193;2.4;397,418
McDonald's Snack Menu AO Oct - Nov 2025 (YT) - Bumper;23117041842;2.4;840,958
202505//Schauma//Schauma_CAR Long Hair B 25//Schauma_CAR Long Hair B 25//video//Trueview;22530853916;1.3;150,468
T03_001636_HR_NFC_CellularEpigenetics_CO_Sep25_Oct25_fullf_OMD_DigGR_TrueView_oKPI;22928895972;1.6;273,226
McDonald's Maestro IV Sep - Oct 2025 (YT) - Bumper;22972236465;2.2;848,812
202512//Ceresit//Ceresit Expert;23348045715;4.1;415,884
McDonald's McDelivery x Glovo II Prime Oct 2025 (YT) - Bumper;23151658453;1.6;643,600
Nissan All range November 2025 (DN) - CPM;23209428377;8.8;1,364,326
McDonald's Snack Menu AO II Nov - Dec 2025 (YT) - CPV;23240243956;2.4;494,355
202509//Ceresit//CE&CS25//Brand Campaign;23035480243;4.3;380,038
Zott Protein Sep - Oct 2025 (YT) - TrueView - CPV;23008688560;4.2;420,142
McDonald's Fries December 2025 (YT) - Bumper;23305942254;2.2;784,771
McDonald's Happy Meal Playmobil December 2025 (YT) - Bumper;23351985054;1.3;373,671
McDonald's McDelivery Wolt II November 2025 (YT) - Bumper;23246559240;2.2;316,247
McDonald's Snack Menu App Exclusive Oct - Dec 2025 (YT) - CPV;23084947105;2.7;444,972
202509//Ceresit//Ceresit CT19;23051949030;4.2;451,350
Zott Jogobella Sept - Oct 2025 (YT) - TrueView - CPV;23005394785;3.1;312,541
Zott Jogobella Sept - Oct 2025 (YT) - Bumper - CPM;23001363809;1.9;265,581
McDonald's Fries December 2025 (YT) - CPV;23315136637;2.7;430,876
McDonald's Happy Meal Playmobil December 2025 (YT) - CPV;23357095577;1.8;184,236
Nissan QQ Sep - Oct 2025 - Performance Max;23021710473;;
McDonald's Srijeda koja vrijedi više AO Sep - Oct (YT) - CPV;23062023805;1.4;163,849
T03_001630_HR_NDO_DermaControl(unisex)_AW_Aug25_Oct25_fullf_OMD_DigGR_VRCF_oKPI;22876405666;1.8;234,680
McDonald's Breakfast AO Sep - Dec 2025 (YT) - CPV;23051178150;2.4;406,692
McDonald's Coffee Monday II Oct - Dec 2025 (YT) - CPV;23156569103;2;333,627
McDonald's Snack Menu App Exclusive Oct - Dec 2025 (YT) - Bumper;23074917258;2.9;566,040
McDonald's Snack Menu AO III December 2025 (YT) - CPV;23334197017;1.8;260,044
McDonald's MOP Sep - Nov OSIJEK 2025 (YT) - CPV;23197204073;2.3;80,450
McDonald's Dessert III Lotus Biscoff Oct - Nove 2025 (YT) - CPV;23080445477;1.9;211,357
McDonald's Adventski kalendar December 2025 (YT) - CPV;23310621005;2.5;454,796
McDonald's McDelivery AO Nov 2025 (YT) - Bumper;23199593493;1.6;443,857
McDonald's Sirious Winter December 2025 (YT) - Bumper;23344793168;2;732,681
Nissan QQ Sep - Oct 2025 (DN) - CPM;23027683820;6.6;1,000,481
McDonald's McDelivery Wolt II November 2025 (YT) - CPV;23246559597;2.3;169,343
McDonald's Dessert III Lotus Biscoff Oct - Nove 2025 (YT) - Bumper;23084523094;1.9;483,659
McDonald's Farmburger Oct - Nov 2025 (YT) - CPV;23201466461;1.8;212,092
McDonald's Srijeda koja vrijedi više Oct - Dec 2025 (YT) - Bumper;23150230785;2.8;700,437
