Campaign;Account;Campaign ID;Unique users;Avg. impr. freq. / user
Koestlin Paris - Nov - Dec 2025 - (GDN) - CPM;Koestlin;23277766543;1,818,521;16.4
Porsche Pia Oct 2025 (DG) - CPC;Porsche Osobna Vozila;23086499715;724,303;8
Porsche Pia Oct 2025 (PMAX) - CPA;Porsche Osobna Vozila;23086685202;;
Porsche Pia Oct 2025 (DN) - CPC;Porsche Osobna Vozila;23091799676;728,154;4.1
Porsche Pia Nov 2025 (PMAX) - CPA;Porsche Osobna Vozila;23218775703;;
Porsche Pia Nov 2025 (DG) - CPC;Porsche Osobna Vozila;23218773990;688,941;8.3
Porsche Pia Nov 2025 (GDN) - CPC;Porsche Osobna Vozila;23228106658;663,723;4
Belupo Rinil - December 2025 - (YT) - CPM;Belupo;23368964821;698,957;2.4
Bison Bolton - October 2025 (YT) - Bumper;BISON EUR;23077707730;995,313;4
Saponia Nagradna Igra Operi December 2025 - (GDN) - CPC;Saponia;23365196615;259,972;2.5
Saponia Nagradna Igra Operi December 2025 - (DG) - CPC;Saponia;23365245812;267,879;2.5
Bison AirMax November 2025 (DN) - CPM;BISON EUR;23224382309;1,250,330;8.8
Bison Bolton - October 2025 (DN) - CPM #2;BISON EUR;23141866481;730,317;10.5
Bison AirMax November 2025 (YT) - CPM;BISON EUR;23219213253;1,087,243;2.8
Bison Bolton - October 2025 (DN) - CPM;BISON EUR;23073658040;317,169;5
Saponia Faks Sve ti je čisto Nov 2025 (DN) - CPM;Saponia;23203387614;1,495,232;12.8
Loacker Sep - Oct 2025 (YT) - VVC - CPV;Loacker EUR;23016634492;224,090;2.4
Loacker Sep - Oct 2025 (YT) - Reach Mix 2.0 - CPM;Loacker EUR;23012659355;834,559;2.6
Ahmad Tea Nov 2025 (YT) - VVC;Ahmad Tea;23247653498;497,669;3.2
Ahmad Tea Nov 2025 (YT) - Reach Mix 2.0;Ahmad Tea;23242582539;1,162,097;4.2
202505//Schauma//Schauma_CAR Long Hair B 25//Schauma_CAR Long Hair B 25//video//Bumper;CEE//HR//B//Hair Care//Schauma Family//Schauma;22524522930;162,683;1.2
202509//Ceresit//Ceresit CT19;CEE//HR//A//Tiling P​ro//Tiling Pro//Cere​sit;23051949030;451,350;4.2
202512//Ceresit//Ceresit Expert;CEE//HR//A//Tiling P​ro//Tiling Pro//Cere​sit;23348045715;415,884;4.1
T03_001630_HR_NDO_DermaControl(unisex)_AW_Aug25_Oct25_fullf_OMD_DigGR_VRCF_oKPI;HR_Nivea_YouTube_x_OMD_EUR;22876405666;234,680;1.8
202509//Ceresit//CE&CS25//Brand Campaign;CEE//HR//A//Tiling P​ro//Tiling Pro//Cere​sit;23035480243;380,038;4.3
202505//Schauma//Schauma_CAR Long Hair B 25//Schauma_CAR Long Hair B 25//video//Trueview;CEE//HR//B//Hair Care//Schauma Family//Schauma;22530853916;150,468;1.3
T03_001636_HR_NFC_CellularEpigenetics_CO_Sep25_Oct25_fullf_OMD_DigGR_TrueView_oKPI;HR_Nivea_YouTube_x_OMD_EUR;22928895972;273,226;1.6
T03_001630_HR_NDO_DermaControl(unisex)_AW_Aug25_Oct25_fullf_OMD_DigGR_VRCM_oKPI;HR_Nivea_YouTube_x_OMD_EUR;22867060452;202,619;1.5
202510//Ceresit//Ceresit Thermo Universal MULTI PRO;CEE//HR//A//Tiling P​ro//Tiling Pro//Cere​sit;23099670393;480,700;4.4
202511//Ceresit//Ceresit Glue;CEE//HR//A//Tiling P​ro//Tiling Pro//Cere​sit;23229615301;499,343;4.6
T03_001636_HR_NFC_CellularEpigenetics_AW_Sep25_Oct25_fullf_OMD_DigGR_VRC_oKPI;HR_Nivea_YouTube_x_OMD_EUR;22911143511;778,537;3.4
Rio Mare Pate Mayo October 2025 (YT) - CPM;Rio Mare EUR;23125923104;176,610;1.5
Rio Mare Great Taste December 2025 (YT) - CPM;Rio Mare EUR;23345854229;1,100,140;3.7
Rio Mare Pate Mayo October 2025 (YT) - CPM - 2;Rio Mare EUR;23151406242;846,649;2.7
Elgrad GDN Always On 2025 (DN) - CPC;Elgrad Austria EUR;22257842791;603,023;8
Seat Akumulator Nov - Dec 2025 (PMAX) - CPA;Porsche Seat 2023;23231650448;;
Seat Zupčasti remen Oct - Dec 2025 (PMAX) - CPA;Porsche Seat 2023;23172967626;;
202506//Weisser Riese//Re-imagine Scent_Deo Fresh//Laundry Monster//video//Trueview;CEE//HR//L//HDD Value for Money//Mileage//Weisser Riese;22623626124;719,034;4.2
202506//Weisser Riese//Re-imagine Scent_Deo Fresh//Laundry Monster//video//Bumper;CEE//HR//L//HDD Value for Money//Mileage//Weisser Riese;22623704862;965,279;3.5
Seat Akumulator Nov - Dec 2025 (DG) - CPC;Porsche Seat 2023;23231650544;324,127;5.6
Energycom Jan - Dec 2026 - Performance Max;ENERGYCOM D.O.O.;22153504496;;
Seat Gume Oct - Dec 2025 (PMAX) - CPA;Porsche Seat 2023;23151243997;;
Cupra Terramar Oct 2025 (DN) - CPM;Porsche Cupra 2023;23160674803;979,243;6.7
Cupra Range Dec 2025 (GDN) - CPM;Porsche Cupra 2023;23386389997;572,669;8.6
Cupra BEV - Poticaji - Oct 2025 (DN) - CPC;Porsche Cupra 2023;23074947492;180,578;2.7
Seat Gume Oct - Dec 2025 (DG) - CPC;Porsche Seat 2023;23141475096;477,995;5.7
Seat Metlice Oct - Dec 2025 (DG) - CPC;Porsche Seat 2023;23151051484;504,021;3.1
Cupra Terramar Oct 2025 (YT) - Efficient reach;Porsche Cupra 2023;23155724081;1,169,711;4.1
Seat Metlice Oct - Dec 2025 (PMAX) - CPA;Porsche Seat 2023;23146691471;;
Seat Zupčasti remen Oct - Dec 2025 (DG) - CPC;Porsche Seat 2023;23177785397;651,008;5
Kaufland - Image - Split - Ravne njive - Nov - (DN) - CPM;Kaufland_Display_HR;23252553270;103,416;3.6
202507//Bref//Power Active RL 24//Easier Way campaign//video//Trueview;CEE//HR//L//TWC//Clean & fresh toilet//Bref;22800836042;737,477;3.2
Kaufland - Impuls - NEO konkurencija - Stoti kupac - Jankomir - Oct 2025 (DG) - CPC;Kaufland_Display_HR;23068292085;141,384;1.9
SusiliceSep25_MDA_LaundryCare_Dryers_Flight_GGL;HR_Bosch_MDA_GDN_404Agency_EUR_AlwaysOn;23018167917;452,009;5.7
Demand_Gen_DishCare_Dishwashers_2025_Finish_HR;HR_Bosch_MDA_GDN_404Agency_EUR_AlwaysOn;23069848067;808,817;6.7
Kaufland - Image - Impuls - Christmas - IGRAČKE - Nov-Dec 2025 (DN) - CPC;Kaufland_Display_HR;23228485387;522,314;3.7
Kaufland - Impuls - Božić - Nov-Dec - (DG) - CPC;Kaufland_Display_HR;23268872371;593,430;5.6
202510//Ceresit STOP//Local Brand Support Rubson Healthy Home 2023 (FR)//Local Brand Support Healthy Home 2023;CEE//HR//A//Humidity Absorbers//Trusted Building Competence//Ceresit Stop;23120362515;780,121;3.6
MUM6Nov25_MDA_HomeAppliances_Appliances_Flight_GGL;HR_Bosch_SDA_GDN_404Agency_EUR_AlwaysOn;23337586207;862,981;5.2
Kaufland - Impuls - NEO konkurencija - Stoti kupac - Jankomir - Oct 2025 (DN) - CPM;Kaufland_Display_HR;23078243977;149,103;6.4
Kaufland - Impuls - Red Bull Symphonic - Nov 2025 (DG) - CPC;Kaufland_Display_HR;23224632388;614,860;4.6
Kaufland - Impuls - Božić - Nov-Dec - (DN) - CPC;Kaufland_Display_HR;23259493185;752,933;7.1
Kaufland - Impuls - Nova Gradiška - Sept-Oct 2025 (DG) - CPC;Kaufland_Display_HR;23064392874;25,175;2.2
Kaufland - Impuls - Split - Ravne njive - Nov - (DN) - CPC;Kaufland_Display_HR;23261800483;96,121;4
Demand_Gen_IndoorCleaning_VacuumCleaners_Unlimited10_HR;HR_Bosch_SDA_GDN_404Agency_EUR_AlwaysOn;23067963990;968,737;12.4
Kaufland - Image - Other - NEO - Otvorenje Osijek - Oct 2025 (DN) - CPM;Kaufland_Display_HR;23076969740;391,973;13.7
202507//Bref//Power Active RL 24//Easier Way campaign//video//Bumper;CEE//HR//L//TWC//Clean & fresh toilet//Bref;22794974865;874,266;2.6
Kaufland - Impuls - Kaufland Card Rođendan - Oct - Nov 2025 (DN) - CPC;Kaufland_Display_HR;23135201942;370,182;3.8
Kaufland - Impuls - NEO konkurencija - Jednodnevna akcija - Jankomir - DEC 2025 (DN) - CPC;Kaufland_Display_HR;23306185899;140,296;8.4
Kaufland - Impuls - Kaufland Card - Nagradna igra - Orašar - November - (DG) - CPC;Kaufland_Display_HR;23257840267;460,083;3.9
Demand_Gen_Cooking_CookingRange_2025_Pecniceiploce_HR;HR_Bosch_MDA_GDN_404Agency_EUR_AlwaysOn;23063936142;766,269;3.8
Kaufland GDN Godišnja 2026 (DN);Kaufland_Display_HR;19354219109;1,225,753;13.2
Kaufland - Impuls - Katalog Dekoracije i kolači - (DN) - CPC;Kaufland_Display_HR;23303954306;477,256;3.9
Kaufland - Impuls - Ivanec - Sept-Nov 2025 (DG) - CPC;Kaufland_Display_HR;23055092044;25,381;3.2
Demand_Gen_IndoorCleaning_Robot_2025_Usisavač_HR;HR_Bosch_SDA_GDN_404Agency_EUR_AlwaysOn;23073689005;1,325,932;9.9
Demand_Gen_Food_AirFryer_2025_Flight_HR;HR_Bosch_SDA_GDN_404Agency_EUR_AlwaysOn;23064041271;1,065,288;6.8
Kaufland - Impuls - Split - Ravne njive - Sept-Nov 2025 (DG) - CPC;Kaufland_Display_HR;23055052468;114,994;4.5
Škoda Metlice Oct - Dec 2025 (PMAX) - CPA;Porsche Škoda 2023;23160594388;;
Finish Reckitt PIP Oct 2025 (DN) - CPM;Finish;23141071884;881,904;7.4
Volkswagen Zupčasti remen Oct - Dec 2025 (DG) - CPC;Porsche Volkswagen osobna vozila 2023;23200358572;962,113;5.1
Audi Metlice Oct - Dec 2025 (DG) - CPC;Porsche Audi 2023;23172640507;237,120;2.6
Finish Reckitt PIP Nov 2025 (DN) - CPM;Finish;23208502981;959,356;7.1
Škoda Metlice Oct - Dec 2025 (DG) - CPC;Porsche Škoda 2023;23156094650;241,741;3.2
Volkswagen PHEV Sep - Oct 2025 (DG) - CPC;Porsche Volkswagen osobna vozila 2023;22999073400;467,105;7.7
Volkswagen PHEV Sep - Oct 2025 (PMAX) - CPA;Porsche Volkswagen osobna vozila 2023;23005255190;;
Audi Akumulator Nov - Dec 2025 (DG) - CPC;Porsche Audi 2023;23228911139;370,133;4.5
Porsche DWA Oct - Dec 2025 (YT) - Efficient reach - CPM;Porsche  Das Welt Auto 2023;23205520748;1,020,733;4
Audi Gume Oct - Dec 2025 (PMAX) - CPA;Porsche Audi 2023;23147040878;;
Audi Q3 Nov - Dec 2025 - (YT)  Efficient reach - CPM;Porsche Audi 2023;23227314390;1,089,274;3.8
Škoda Gume Oct - Dec 2025 (PMAX) - CPA;Porsche Škoda 2023;23156041838;;
Porsche Moon Oct - Dec 2025 - (DG) - CPC;Porsche Moon 2023;23095969412;693,293;6.5
Porsche Moon Oct - Dec 2025 - (YT) - VVC;Porsche Moon 2023;23095969598;748,089;4.4
Audi Akumulator Nov - Dec 2025 (PMAX) - CPA;Porsche Audi 2023;23228911136;;
Volkswagen Akumulator Nov - Dec 2025 (PMAX) - CPA;Porsche Volkswagen osobna vozila 2023;23247133613;;
Volkswagen Metlice Oct - Dec 2025 (DG) - CPC;Porsche Volkswagen osobna vozila 2023;23156738063;527,399;4.1
Porsche Moon Oct - Dec 2025 - (DN) - CPC;Porsche Moon 2023;23090115996;620,739;5.2
Finish Reckitt PIP Nov 2025 (YT) - CPM - Retargeting;Finish;23223501740;302,694;2.7
Porsche DWA Oct - Dec 2025 (GDN) - CPC;Porsche  Das Welt Auto 2023;23209790548;645,433;3.4
Volkswagen Gume Oct - Dec 2025 (DG) - CPC;Porsche Volkswagen osobna vozila 2023;23160958240;839,722;6.2
Škoda Akumulator Nov - Dec 2025 (DG) - CPC;Porsche Škoda 2023;23242272630;516,662;4.6
Škoda Akumulator Nov - Dec 2025 (PMAX) - CPA;Porsche Škoda 2023;23247325415;;
Škoda 130 godina Nov - Dec 2025 (YT) Efficient reach - CPM;Porsche Škoda 2023;23236016321;1,029,381;3.9
Audi Metlice Oct - Dec 2025 (PMAX) - CPA;Porsche Audi 2023;23172535645;;
Škoda Zupčasti remen Oct - Dec 2025 (DG) - CPC;Porsche Škoda 2023;23196329174;835,065;4.7
Škoda Gume Oct - Dec 2025 (DG) - CPC;Porsche Škoda 2023;23155974167;581,624;6.2
Škoda 130 godina Nov - Dec 2025 (GDN) - CPC;Porsche Škoda 2023;23240403490;730,293;4.6
Volkswagen Zupčasti remen Oct - Dec 2025 (PMAX) - CPA;Porsche Volkswagen osobna vozila 2023;23190909996;;
Audi Zupčasti remen Oct - Dec 2025 (PMAX) - CPA;Porsche Audi 2023;23182802566;;
Audi Zupčasti remen Oct - Dec 2025 (DG) - CPC;Porsche Audi 2023;23178401984;680,396;4.6
Volkswagen Metlice Oct - Dec 2025 (PMAX) - CPA;Porsche Volkswagen osobna vozila 2023;23161207339;;
Porsche Moon Oct - Dec 2025 - (PMAX) - CPA;Porsche Moon 2023;23100458605;;
Finish Reckitt PIP Oct 2025 (YT) - CPV;Finish;23156802396;347,536;2.5
Volkswagen Gume Oct - Dec 2025 (PMAX) - CPA;Porsche Volkswagen osobna vozila 2023;23161140631;;
Škoda Zupčasti remen Oct - Dec 2025 (PMAX) - CPA;Porsche Škoda 2023;23196338093;;
Audi Gume Oct - Dec 2025 (DG) - CPC;Porsche Audi 2023;23151461725;393,939;5.6
Volkswagen Akumulator Nov - Dec 2025 (DG) - CPC;Porsche Volkswagen osobna vozila 2023;23242081674;630,987;5.4
Škoda Octavia Dec 2025 (YT) - Efficient Reach - CPM;Porsche Škoda 2023;23358399088;816,048;2.8
Porsche DWA Oct - Dec 2025 (DG) - CPC;Porsche  Das Welt Auto 2023;23205620765;327,612;4.9
Finish Reckitt PIP Nov 2025 (YT) - CPV;Finish;23204324852;491,014;3.7
Volkswagen PHEV Sep - Oct 2025 (YT) - CPM;Porsche Volkswagen osobna vozila 2023;23005360310;484,698;2
DIS_OMD_RS-SR_GB_BEA_IPLHairRemoval_IPLAcc.&Undivided_NA_GOO_BRD_Lumea_GDN_20.10.-31.12.2025.;Philips Serbia DAN;23163170868;501,030;3.7
PMAX_OMD_RS-SR_GB_OG_OneBladeOther_OneBladeComm.Inn._RECMANOB_GOO_BRD_OneBlade_15.10-15.12.2025.;Philips Serbia DAN;23142979085;;
PMAX_OMD_RS-SR_GB_OG_GroomingUndiv_GroomingUndivided_NA_GOO_BRD_Multigroom_20.09.-10.11.2025.;Philips Serbia DAN;23159736373;;
DG_OMD_RS-SR_OHC_PTB_PTBPremium_Prestige9900S_RECMTPTB_GOO_BRD_Sonicare_15.10.-24.12.2025;Philips Serbia DAN;23140250137;125,976;2
DG_OMD_SI-SL_OHC_PTB_PTBPremium_Prestige9900S_RECMTPTB_GOO_BRD_Sonicare_15.10.-24.12.2025;Philips_SLO;23130333303;184,233;2.3
Dr. Oetker Bread Club October 2025 (DN) - CPC;Dr.Oetker EUR;23084507224;229,326;3.7
VID_OMD_SI-SL_GB_OG_OneBladeOther_OneBladeComm.Inn._RECMANOB_GOO_BRD_1st Shave_YT_Parents_1.11.-12.12.2025.;Philips_SLO;23200213176;244,167;3.3
DG_OMD_RS-SR_GB_BEA_HairCare_Straight&CurlerCore_NA_GOO_BRD_SenseIQ_10.09.-30.10.2025;Philips Serbia DAN;23028088734;239,472;2.3
PMAX_OMD_RS-SR_GB_BEA_IPLHairRemoval_IPLAcc.&Undivided_NA_GOO_BRD_Lumea_PMAX_20.10.-31.12.2025.;Philips Serbia DAN;23172774658;;
PMAX_OMD_SI-SL_GB_OG_OneBladeOther_OneBladeComm.Inn._RECMANOB_GOO_BRD_One Blade_15.10-15.12.2025.;Philips_SLO;23136950325;;
VID_OMD_SI-SL_GB_BEA_IPLHairRemoval_IPLAcc.&Undivided_NA_GOO_BRD_Lumea_YT_20.10.-31.12.2025.;Philips_SLO;23168273492;486,867;3.8
VID_OMD_RS-SR_GB_OG_OneBladeOther_OneBladeComm.Inn._RECMANOB_GOO_BRD_1st shave_parents_05.09.-15.10.;Philips Serbia DAN;22986865838;451,741;1.4
DIS_OMD_RS-SR_GB_S_ShavingUnd_ShavingUndivided_NA_GOO_BRD_Shaving_GDN_14.11.-31.12.2025.;Philips Serbia DAN;23288353174;423,927;5.1
VID_OMD_RS-SR_GB_OG_OneBladeOther_OneBladeComm.Inn._RECMANOB_GOO_BRD_One Blade_3.9.-5.10.;Philips Serbia DAN;22973430471;790,415;1.3
VID_OMD_RS-SR_GB_S_ShavingUnd_ShavingUndivided_NA_GOO_BRD_Shaving_YT_14.11.-31.12.2025.;Philips Serbia DAN;23283969599;1,079,930;3.9
PMAX_OMD_SI-SL_GB_BEA_IPLHairRemoval_IPLAcc.&Undivided_NA_GOO_BRD_Lumea_PMAx_20.10.-31.12.2025.;Philips_SLO;23163083466;;
VID_OMD_ME-ME_GB_OG_OneBladeOther_OneBladeComm.Inn._NA_GOO_BRD_One Blade_1.10.-30.11.2025.;Philips Serbia DAN;23070220712;527,543;3.9
DG_OMD_RS-SR_GB_OG_GroomingUndiv_GroomingUndivided_NA_GOO_BRD_Multigroom_20.09.-10.11.2025.;Philips Serbia DAN;23150051901;228,709;2.4
PMAX_OMD_RS-SR_OHC_PTB_PTBPremium_Prestige9900S_RECMTPTB_GOO_BRD_Sonicare_15.10.-24.12.2025;Philips Serbia DAN;23130385398;;
VID_OMD_RS-SR_GB_BEA_HairCare_DryerCore_NA_GOO_BRD_Flame_YT_1.11.-31.12.2025.;Philips Serbia DAN;23237376398;1,131,893;3.3
DG_OMD_ME-ME_GB_BEA_IPLHairRemoval_IPLAcc.&Undivided_NA_GOO_BRD_Lumea_DG_20.10.-31.12.2025.;Philips Serbia DAN;23163237003;19,274;2
PMAX_OMD_SI-SL_GB_OG_OneBladeOther_OneBladeComm.Inn._RECMANOB_GOO_BRD_1st Shave_PMAX_Parents_1.11.-12.12.2025.;Philips_SLO;23209534063;;
VID_OMD_SI-SL_GB_BEA_HairCare_Straight&CurlerCore_NA_GOO_BRD_SenseIQ_10.09.-30.10.2025;Philips_SLO;23034204641;330,504;3.4
DG_OMD_RS-SR_GB_OG_OneBladeOther_OneBladeComm.Inn._RECMANOB_GOO_BRD_Intimate_W_10.10.-30.11.;Philips Serbia DAN;23140032196;94,731;1.9
VID_OMD_RS-SR_MCC_MCCUnd_MCCUnd_MCCUnd_NA_GOO_BRD_Avent_YT_7.11.-30.11.2025.;Philips Serbia DAN;23237577731;852,561;4.1
DG_OMD_SI-SL_GB_BEA_HairCare_Straight&CurlerCore_NA_GOO_BRD_SenseIQ_10.09.-30.10.2025;Philips_SLO;23038253197;73,024;2.2
VID_OMD_RS-SR_GB_OG_OneBladeOther_OneBladeComm.Inn._RECMANOB_GOO_BRD_1st shave_teens_05.09.-15.10.;Philips Serbia DAN;22986865835;257,050;2.2
VID_OMD_SI-SL_MCC_MCC_MCCUnd_MCCUndivided_NA_GOO_BRD_Avent_YT_7.11.-30.11.2025.;Philips_SLO;23237577080;231,350;3.7
PMAX_OMD_SI-SL_GB_S_ShavingUnd_ShavingUndivided_NA_GOO_BRD_Shaving_PMAX_14.11.-31.12.2025.;Philips_SLO;23288257666;;
DIS_OMD_SI-SL_GB_BEA_IPLHairRemoval_IPLAcc.&Undivided_NA_GOO_BRD_Lumea_GDN_20.10.-31.12.2025.;Philips_SLO;23168583044;213,818;4.4
PMAX_OMD_SI-SL_GB_BEA_HairCare_Straight&CurlerCore_NA_GOO_BRD_SenseIQ_10.09.-30.10.2025;Philips_SLO;23034203750;;
DG_OMD_RS-SR_GB_BEA_IPLHairRemoval_IPLAcc.&Undivided_NA_GOO_BRD_Lumea_DG_20.10.-31.12.2025.;Philips Serbia DAN;23168364167;63,940;1.7
DIS_OMD_ME-ME_GB_OG_OneBladeOther_OneBladeComm.Inn._NA_GOO_BRD_One Blade_1.10.-30.11.2025.;Philips Serbia DAN;23074322560;329,134;14.6
DG_OMD_RS-SR_GB_OG_OneBladeOther_OneBladeComm.Inn._RECMANOB_GOO_BRD_OneBlade_15.10-15.12.2025.;Philips Serbia DAN;23147384833;121,899;2
PMAX_OMD_RS-SR_GB_OG_OneBladeOther_OneBladeComm.Inn._RECMANOB_GOO_BRD_1st shave_05.09.-15.10.;Philips Serbia DAN;22986885344;;
DG_OMD_SI-SL_GB_BEA_HairCare_DryerCore_NA_GOO_BRD_Flame_DG_1.11.-31.12.2025.;Philips_SLO;23241634504;164,762;4.1
VID_OMD_SI-SL_GB_BEA_HairCare_DryerCore_NA_GOO_BRD_Flame_YT_1.11.-31.12.2025.;Philips_SLO;23232282903;299,183;3.2
PMAX_OMD_SI-SL_GB_OG_GroomingUndiv_GroomingUndivided_NA_GOO_BRD_Multigroom 20.09.-10.11.2025.;Philips_SLO;23155482644;;
VID_OMD_RS-SR_GB_OG_GroomingUndiv_GroomingUndivided_NA_GOO_BRD_Multigroom_20.09.-10.11.2025.;Philips Serbia DAN;23155285862;994,017;2.7
VID_OMD_RS-SR_GB_BEA_IPLHairRemoval_IPLAcc.&Undivided_NA_GOO_BRD_Lumea_YT_20.10.-31.12.2025.;Philips Serbia DAN;23172866092;1,271,595;3.8
Dr. Oetker Božićna kampanja Nov - Dec 2025 (YT) - TrueView for Reach;Dr.Oetker EUR;23304217610;726,345;2.8
DG_OMD_SI-SL_GB_BEA_IPLHairRemoval_IPLAcc.&Undivided_NA_GOO_BRD_Lumea_DG_20.10.-31.12.2025.;Philips_SLO;23163083511;73,150;2.1
PMAX_OMD_RS-SR_ALL_CrossBU_CrossProduct_CrossProduct_NA_GOO_BRD_Webshop_AO_Lumea;Philips Serbia DAN;23210024144;;
DG_OMD_SI-SL_GB_S_ShavingUnd_ShavingUndivided_NA_GOO_BRD_Shaving_DG_14.11.-31.12.2025.;Philips_SLO;23279014023;38,064;2.1
DIS_OMD_SI-SL_GB_S_ShavingUnd_ShavingUndivided_NA_GOO_BRD_Shaving_GDN_14.11.-31.12.2025.;Philips_SLO;23283992777;282,688;5.6
PMAX_OMD_SI-SL_ALL_CrossBU_CrossProduct_CrossProduct_NA_GOO_BRD_Webshop_AO_Lumea;Philips_SLO;23099450520;;
DG_OMD_SI-SL_GB_OG_OneBladeOther_OneBladeComm.Inn._RECMANOB_GOO_BRD_One Blade_15.10-15.12.2025.;Philips_SLO;23142265184;107,705;2.2
DG_OMD_RS-SR_GB_S_ShavingUnd_ShavingUndivided_NA_GOO_BRD_Shaving_DG_14.11.-31.12.2025.;Philips Serbia DAN;23279038791;57,227;2.3
VID_OMD_SI-SL_GB_OG_OneBladeOther_OneBladeComm.Inn._RECMANOB_GOO_BRD_1st Shave_YT_Teens_1.11.-12.12.2025.;Philips_SLO;23209598329;101,868;6.1
PMAX_OMD_RS-SR_GB_S_ShavingUnd_ShavingUndivided_NA_GOO_BRD_Shaving_PMAX_14.11.-31.12.2025.;Philips Serbia DAN;23279087904;;
Hervis Poklon Kartice December 2025 - (DN) - CPM;Hervis Croatia EUR;23357588354;918,123;6.2
PMAX_OMD_SI-SL_OHC_PTB_PTBPremium_Prestige9900S_RECMTPTB_GOO_BRD_Sonicare_15.10.-24.12.2025;Philips_SLO;23140199437;;
VID_OMD_SI-SL_GB_S_ShavingUnd_ShavingUndivided_NA_GOO_BRD_Shaving_YT_14.11.-31.12.2025.;Philips_SLO;23283992828;447,119;4.1
DG_OMD_SI-SL_GB_OG_GroomingUndiv_GroomingUndivided_NA_GOO_BRD_Multigroom 20.09.-10.11.2025.;Philips_SLO;23159899915;111,190;3
VID_OMD_RS-SR_OHC_PTB_PTBPremium_Prestige9900S_RECMTPTB_GOO_BRD_Sonicare_15.10.-24.12.2025;Philips Serbia DAN;23130385353;1,397,287;4.4
DIS_OMD_ME-ME_GB_BEA_IPLHairRemoval_IPLAcc.&Undivided_NA_GOO_BRD_Lumea_GDN_20.10.-31.12.2025.;Philips Serbia DAN;23168284316;795,269;6.2
Dr. Oetker Božićna kampanja Nov - Dec 2025 (DN) - CPC;Dr.Oetker EUR;23304217154;422,195;3.9
VID_OMD_RS-SR_GB_OG_OneBladeOther_OneBladeComm.Inn._RECMANOB_GOO_BRD_Intimate_W_10.10.-30.11.;Philips Serbia DAN;23171314950;991,662;3.2
DG_OMD_ME-ME_GB_OG_OneBladeOther_OneBladeComm.Inn._NA_GOO_BRD_One Blade_1.10.-30.11.2025.;Philips Serbia DAN;23070221480;208,391;6.7
DIS_OMD_SI-SL_GB_OG_OneBladeOther_OneBladeComm.Inn._RECMANOB_GOO_BRD_1st Shave_GDN_1.11.-12.12.2025.;Philips_SLO;23200040769;501,398;8.8
VID_OMD_SI-SL_OHC_PTB_PTBPremium_Prestige9900S_RECMTPTB_GOO_BRD_Sonicare_15.10.-24.12.2025;Philips_SLO;23136133814;427,544;5.8
PMAX_OMD_RS-SR_GB_OG_OneBladeOther_OneBladeComm.Inn._RECMANOB_GOO_BRD_Intimate_W_10.10.-30.11.;Philips Serbia DAN;23140032403;;
DG_OMD_RS-SR_GB_BEA_HairCare_DryerCore_NA_GOO_BRD_Flame_DG_1.11.-31.12.2025.;Philips Serbia DAN;23232232446;77,175;4.4
PMAX_OMD_RS-SR_ALL_CrossBU_CrossProduct_CrossProduct_NA_GOO_BRD_Webshop_AO;Philips Serbia DAN;22857655199;;
VID_OMD_RS-SR_GB_BEA_HairCare_Straight&CurlerCore_NA_GOO_BRD_SenseIQ_10.09.-30.10.2025;Philips Serbia DAN;23034172058;1,145,664;2.5
PMAX_OMD_SI-SL_ALL_CrossBU_CrossProduct_CrossProduct_NA_GOO_BRD_Webshop_AO;Philips_SLO;22854651094;;
VID_OMD_ME-ME_GB_BEA_IPLHairRemoval_IPLAcc.&Undivided_NA_GOO_BRD_Lumea_YT_20.10.-31.12.2025.;Philips Serbia DAN;23162921025;729,181;4.2
PMAX_OMD_RS-SR_GB_BEA_HairCare_Straight&CurlerCore_NA_GOO_BRD_SenseIQ_10.09.-30.10.2025;Philips Serbia DAN;23028088689;;
McDonald's McDelivery x Glovo II Prime Oct 2025 (YT) - CPV;McDonald's EUR;23151653998;333,210;1.8
DIS_OMD_BA-BS_GB_OG_OneBladeOther_OneBladeComm.Inn._RECMANOB_GOO_BRD_OneBlade_GDN_Awareness_1.11.-15.12.2025.;Philips Hrvatska EUR;23214557439;755,119;10
McDonald's Adventski kalendar December 2025 (YT) - Bumper;McDonald's EUR;23314665535;666,337;2.5
McDonald's Employer Image IV Nov - Dec 2025 (Demand Gen) - CPC;McDonald's EUR;23279927975;598,803;6.7
McDonald's Trust II October 2025 (YT) - CPV;McDonald's EUR;23084692750;438,755;2.2
McDonald's Coffee Monday II Oct - Dec 2025 (YT) - Bumper;McDonald's EUR;23151276168;669,193;2.4
meralys_december_2025_youtube_cpm;JGL Croatia EUR;23344911816;1,427,936;4
McDonald's Coffee AO Sep - Dec 2025 (YT) - Bumper;McDonald's EUR;23061447079;794,175;3.2
McDonald's Srijeda koja vrijedi više Oct - Dec 2025 (YT) - CPV;McDonald's EUR;23159917831;324,191;1.9
McDonald's Breakfast AO Sep - Dec 2025 (YT) - Bumper;McDonald's EUR;23051177880;623,731;2.3
McDonald's Sirious Winter December 2025 (YT) - Bumper;McDonald's EUR;23344793168;732,681;2
VID_OMD_HR-HR_GB_BEA_HairCare_Straight&CurlerCore_NA_GOO_BRD_SenseIQ_10.09.-30.10.2025.;Philips Hrvatska EUR;23035809352;579,357;2.8
Nissan All range November 2025 - Performance Max;Nissan Hrvatska EUR;23213561896;;
McDonald's McDelivery AO Sep - Oct 2025 (YT) - Bumper;McDonald's EUR;23061820288;544,820;1.7
McDonald's McDelivery Wolt II November 2025 (YT) - Bumper;McDonald's EUR;23246559240;316,247;2.2
McDonald's Fries December 2025 (YT) - Bumper;McDonald's EUR;23305942254;784,771;2.2
McDonald's Happy Meal Playmobil December 2025 (YT) - Bumper;McDonald's EUR;23351985054;373,671;1.3
McDonald's Maestro IV Sep - Oct 2025 (YT) - Bumper;McDonald's EUR;22972236465;848,812;2.2
McDonald's Employer Image IV Sep - Nov 2025 (Performance Max) AO - CPA;McDonald's EUR;23019979679;;
DIS_OMD_HR-HR_GB_BEA_IPLHairRemoval_IPLAcc.&Undivided_NA_GOO_BRD_Lumea_GDN_20.10.-31.12.2025.;Philips Hrvatska EUR;23172997432;460,547;3.7
VID_OMD_HR-HR_GB_OG_OneBladeOther_OneBladeComm.Inn._RECMANOB_GOO_BRD_One Blade_3.9.-5.10.;Philips Hrvatska EUR;22983748780;367,541;1.3
McDonald's MOP Sep - Nov OSIJEK 2025 (YT) - Bumper;McDonald's EUR;23201479909;138,447;2.3
VID_OMD_HR-HR_OHC_PTB_PTBPremium_Prestige9900S_RECMTPTB_GOO_BRD_Sonicare_15.10.-24.12.2025;Philips Hrvatska EUR;23136085091;697,120;4.2
DG_OMD_HR-HR_GB_S_ShavingUnd_ShavingUndivided_NA_GOO_BRD_Shaving_DG_14.11.-31.12.2025.;Philips Hrvatska EUR;23283832784;18,151;3.3
Zott Protein Sep - Oct 2025 (YT) - Bumper - CPM;Zott EUR;23008688854;477,133;2.3
McDonald's McDelivery x Glovo III Dec 2025 (YT) - CPV;McDonald's EUR;23368942255;260,867;1.6
Zott Jogobella Sept - Oct 2025 (YT) - TrueView - CPV;Zott EUR;23005394785;312,541;3.1
DIS_OMD_BA-BS_GB_BEA_IPLHairRemoval_IPLAcc.&Undivided_NA_GOO_BRD_Lumea_GDN_Consideration_20.10.-31.12.2025.;Philips Hrvatska EUR;23163620307;346,323;5.5
VID_OMD_HR-HR_GB_OG_OneBladeOther_OneBladeComm.Inn._RECMANOB_GOO_BRD_1st Shave_Teens_5.9.-15.10.2025.;Philips Hrvatska EUR;22980662139;119,116;3.3
McDonald's McDelivery x Glovo II Prime Oct 2025 (YT) - Bumper;McDonald's EUR;23151658453;643,600;1.6
prolife_november_2025_youtube_cpm;JGL Croatia EUR;23257344616;1,020,083;4.3
McDonald's McNuggets III Oct - Nov 2025 (YT) - Bumper;McDonald's EUR;23128436618;688,860;2
PMAX_OMD_HR-HR_GB_S_ShavingUnd_ShavingUndivided_NA_GOO_BRD_Shaving_PMAX_14.11.-31.12.2025.;Philips Hrvatska EUR;23283955574;;
McDonald's McNuggets III Oct - Nov 2025 (YT) - CPV;McDonald's EUR;23128434905;352,852;1.9
reflustat_september_2025_youtube_fc_cpm;JGL Croatia EUR;23024710483;790,817;8.4
Zott Hungry Oct - Nov 2025 (YT) - Reach Mix;Zott EUR;23053538297;965,252;3.9
PMAX_OMD_HR-HR_ALL_CrossBU_CrossProduct_CrossProduct_NA_GOO_BRD_Webshop_AO_Lumea;Philips Hrvatska EUR;23035354024;;
McDonald's McDelivery x Glovo III Dec 2025 (YT) - Bumper;McDonald's EUR;23359818609;477,604;1.4
McDonald's Farmburger Oct - Nov 2025 (YT) - Bumper;McDonald's EUR;23201466458;667,147;1.9
McDonald's Snack Menu AO II Nov - Dec 2025 (YT) - CPV;McDonald's EUR;23240243956;494,355;2.4
VID_OMD_HR-HR_GB_BEA_HairCare_DryerCore_NA_GOO_BRD_Flame_YT_1.11.-31.12.2025.;Philips Hrvatska EUR;23232127383;536,160;2.8
McDonald's Snack Menu AO Oct - Nov 2025 (YT) - Bumper;McDonald's EUR;23117041842;840,958;2.4
McDonald's Coffee AO Sep - Dec 2025 (YT) - CPV;McDonald's EUR;23057401193;397,418;2.4
McDonald's Snack Menu AO Oct - Nov 2025 (YT) - CPV;McDonald's EUR;23117039682;289,878;1.9
McDonald's MOP Sep - Nov 2025 (YT) - CPV;McDonald's EUR;23038260706;291,021;2.2
lactogyn_june_2025_youtube_fc_cpm;JGL Croatia EUR;22791527244;330,757;4.6
McDonald's Trust II October 2025 (YT) - Bumper;McDonald's EUR;23084692753;835,382;2.4
PMAX_OMD_HR-HR_GB_OG_Grooming_GroomingUndivided_NA_GOO_BRD_Multigroom_20.09.-10.11.;Philips Hrvatska EUR;23150224947;;
McDonald's Srijeda koja vrijedi više AO Sep - Oct (YT) - Bumper;McDonald's EUR;23062023277;511,777;1.8
McDonald's Srijeda koja vrijedi više Oct - Dec 2025 (YT) - Bumper;McDonald's EUR;23150230785;700,437;2.8
McDonald's Farmburger Oct - Nov 2025 (YT) - CPV;McDonald's EUR;23201466461;212,092;1.8
McDonald's Snack Menu Sep - Oct 2025 (YT) - Bumper;McDonald's EUR;22994092464;735,881;1.7
McDonald's Snack Menu Sep - Oct 2025 (YT) - CPV;McDonald's EUR;23000376953;302,023;1.7
McDonald's Maestro IV Sep - Oct 2025 (YT) - CPV;McDonald's EUR;22982571265;332,113;2.1
McDonald's Employer Image IV - Young Adults - Nov - Dec 2025 (VVC) - CPV;McDonald's EUR;23280469343;319,782;3.4
DIS_OMD_HR-HR_GB_S_ShavingUnd_ShavingUndivided_NA_GOO_BRD_Shaving_GDN_14.11.-31.12.2025.;Philips Hrvatska EUR;23283860303;244,388;2.4
VID_OMD_HR-HR_GB_OG_OneBladeOther_OneBladeComm.Inn._RECMANOB_GOO_BRD_Intimate_W_10.10.-30.11.;Philips Hrvatska EUR;23140105375;660,219;3.6
VID_OMD_BA-BS_GB_OG_OneBladeOther_OneBladeComm.Inn._RECMANOB_GOO_BRD_OneBlade_YT_1.11.-15.12.2025.;Philips Hrvatska EUR;23223956797;917,384;4.7
McDonald's MOP Sep - Nov OSIJEK 2025 (YT) - CPV;McDonald's EUR;23197204073;80,450;2.3
PMAX_OMD_HR-HR_GB_BEA_IPLHairRemoval_IPLAcc.&Undivided_NA_GOO_BRD_Lumea_PMAX_20.10.-31.12.2025.;Philips Hrvatska EUR;23172997174;;
DG_OMD_HR-HR_GB_BEA_HairCare_DryerCore_NA_GOO_BRD_Flame_DG_1.11.-31.12.2025.;Philips Hrvatska EUR;23232127389;138,110;3.1
VID_OMD_HR-HR_GB_BEA_IPLHairRemoval_IPLAcc.&Undivided_NA_GOO_BRD_Lumea_YT_20.10.-31.12.2025.;Philips Hrvatska EUR;23163446124;755,566;3.3
DG_OMD_HR-HR_OHC_PTB_PTBPremium_Prestige9900S_RECMTPTB_GOO_BRD_Sonicare_15.10.-24.12.2025;Philips Hrvatska EUR;23136083489;279,446;2.4
McDonald's Happy Meal Playmobil December 2025 (YT) - CPV;McDonald's EUR;23357095577;184,236;1.8
Zott Jogobella Sept - Oct 2025 (YT) - Bumper - CPM;Zott EUR;23001363809;265,581;1.9
McDonald's Fries December 2025 (YT) - CPV;McDonald's EUR;23315136637;430,876;2.7
DG_OMD_BA-BS_GB_OG_OneBladeOther_OneBladeComm.Inn._RECMANOB_GOO_BRD_OneBlade_DG_Consideration_1.11.-15.12.2025.;Philips Hrvatska EUR;23214457857;18,666;3.7
VID_OMD_BA-BS_GB_BEA_IPLHairRemoval_IPLAcc.&Undivided_NA_GOO_BRD_Lumea_YT_20.10.-31.12.2025.;Philips Hrvatska EUR;23163601191;996,949;5.4
jgl_zaposljavanje_october_2025_cross-network_pmax;JGL Croatia EUR;23130287493;;
Zott Protein Sep - Oct 2025 (YT) - TrueView - CPV;Zott EUR;23008688560;420,142;4.2
McDonald's McDelivery AO Nov 2025 (YT) - CPV;McDonald's EUR;23204814416;251,482;1.9
McDonald's Sirious Winter December 2025 (YT) - CPV;McDonald's EUR;23339715288;417,782;2.7
McDonald's MOP Sep - Nov 2025 (YT) - Bumper;McDonald's EUR;23038275832;577,789;2
DG_OMD_HR-HR_GB_BEA_HairCare_Straight&CurlerCore_NA_GOO_BRD_SenseIQ_10.09.-30.10.2025.;Philips Hrvatska EUR;23025722586;67,374;2.5
DG_OMD_HR-HR_GB_OG_Grooming_GroomingUndivided_NA_GOO_BRD_Multigroom_20.09.-10.11.;Philips Hrvatska EUR;23156565104;75,774;4
Nissan All range November 2025 (DN) - CPM;Nissan Hrvatska EUR;23209428377;1,364,326;8.8
Zott Protein Sep - Oct 2025 (DN) - CPM;Zott EUR;23008688608;734,093;5.2
McDonald's Snack Menu AO II Nov - Dec 2025 (YT) - Bumper;McDonald's EUR;23230869507;953,889;2.7
DIS_OMD_BA-BS_GB_BEA_IPLHairRemoval_IPLAcc.&Undivided_NA_GOO_BRD_Lumea_GDN_Awareness_20.10.-31.12.2025.;Philips Hrvatska EUR;23168792552;944,981;7
McDonald's Snack Menu App Exclusive Oct - Dec 2025 (YT) - Bumper;McDonald's EUR;23074917258;566,040;2.9
McDonald's Coffee Monday II Oct - Dec 2025 (YT) - CPV;McDonald's EUR;23156569103;333,627;2
DIS_OMD_BA-BS_GB_OG_OneBladeOther_OneBladeComm.Inn._RECMANOB_GOO_BRD_OneBlade_GDN_Consideration_1.11.-15.12.2025.;Philips Hrvatska EUR;23223237310;247,271;8.9
DG_OMD_HR-HR_GB_OG_OneBladeOther_OneBladeComm.Inn._RECMANOB_GOO_BRD_Intimate_W_10.10.-30.11;Philips Hrvatska EUR;23140104916;179,555;2.8
DG_OMD_HR-HR_GB_BEA_IPLHairRemoval_IPLAcc.&Undivided_NA_GOO_BRD_Lumea_DG_20.10.-31.12.2025.;Philips Hrvatska EUR;23172997630;111,666;1.8
McDonald's Breakfast AO Sep - Dec 2025 (YT) - CPV;McDonald's EUR;23051178150;406,692;2.4
Nissan QQ Sep - Oct 2025 - Performance Max;Nissan Hrvatska EUR;23021710473;;
McDonald's Srijeda koja vrijedi više AO Sep - Oct (YT) - CPV;McDonald's EUR;23062023805;163,849;1.4
vizols_october_2025_youtube_cpm;JGL Croatia EUR;23121024417;957,851;5.3
VID_OMD_HR-HR_GB_S_ShavingUnd_ShavingUndivided_NA_GOO_BRD_Shaving_YT_14.11.-31.12.2025.;Philips Hrvatska EUR;23283807728;710,506;3.5
PMAX_OMD_HR-HR_OHC_PTB_PTBPremium_Prestige9900S_RECMTPTB_GOO_BRD_Sonicare_15.10.-24.12.2025;Philips Hrvatska EUR;23130284850;;
DG_OMD_HR-HR_GB_OG_OneBladeOther_OneBladeComm.Inn._RECMANOB_GOO_BRD_One Blade 15.10-15.12.2025.;Philips Hrvatska EUR;23142265886;216,135;2.3
McDonald's McDelivery AO Nov 2025 (YT) - Bumper;McDonald's EUR;23199593493;443,857;1.6
VID_OMD_HR-HR_MCC_MCC_MCCUnd_MCCUndivided_NA_GOO_BRD_Avent_YT_7.11.-30.11.2025;Philips Hrvatska EUR;23237552771;490,211;3.3
prolife_november_2025_display_cpm;JGL Croatia EUR;23253168887;1,360,148;8.8
PMAX_OMD_HR-HR_ALL_CrossBU_CrossProduct_CrossProduct_NA_GOO_BRD_Webshop_AO;Philips Hrvatska EUR;22850295323;;
McDonald's Snack Menu App Exclusive Oct - Dec 2025 (YT) - CPV;McDonald's EUR;23084947105;444,972;2.7
Nissan QQ Sep - Oct 2025 (DN) - CPM;Nissan Hrvatska EUR;23027683820;1,000,481;6.6
PMAX_OMD_HR-HR_GB_BEA_HairCare_Straight&CurlerCore_NA_GOO_BRD_SenseIQ_10.09.-30.10.2025.;Philips Hrvatska EUR;23031771971;;
McDonald's McDelivery Wolt II November 2025 (YT) - CPV;McDonald's EUR;23246559597;169,343;2.3
McDonald's Dessert III Lotus Biscoff Oct - Nove 2025 (YT) - Bumper;McDonald's EUR;23084523094;483,659;1.9
DG_OMD_BA-BS_GB_BEA_IPLHairRemoval_IPLAcc.&Undivided_NA_GOO_BRD_Lumea_DG_20.10.-31.12.2025.;Philips Hrvatska EUR;23168792639;171,810;2.9
McDonald's Adventski kalendar December 2025 (YT) - CPV;McDonald's EUR;23310621005;454,796;2.5
McDonald's Dessert III Lotus Biscoff Oct - Nove 2025 (YT) - CPV;McDonald's EUR;23080445477;211,357;1.9
VID_OMD_HR-HR_GB_OG_OneBladeOther_OneBladeComm.Inn._RECMANOB_GOO_BRD_1st Shave_Parents_5.9.-15.10.2025.;Philips Hrvatska EUR;22980662127;194,941;1.6
McDonald's Snack Menu AO III December 2025 (YT) - CPV;McDonald's EUR;23334197017;260,044;1.8
McDonald's Snack Menu AO III December 2025 (YT) - Bumper;McDonald's EUR;23330173406;520,978;2
McDonald's McDelivery AO Sep - Oct 2025 (YT) - CPV;McDonald's EUR;23051723493;263,848;1.9
PMAX_OMD_HR-HR_GB_OG_OneBladeOther_OneBladeComm.Inn._RECMANOB_GOO_BRD_One Blade 15.10-15.12.2025.;Philips Hrvatska EUR;23136999027;;
